Metric,Value
Accuracy,0.9865991066071071
Precision,0.9875734901122395
Recall,0.9855980797439658
F1-Score,0.9865847961022493
AUC-ROC,0.999132168733609
CRPS_Accuracy,0.850790052670178
CRPS_Precision,0.8507801040138685
CRPS_Recall,0.8507801040138685
CRPS_F1_Score,0.8507801040138685
Mean_CRPS,0.030006665563593615
Std_CRPS,0.16192937989468523
CRPS_Threshold,1.0492441156218727e-11
Global_Threshold,0.06489057489865324
