accuracy,precision,recall,f1_score,auc_roc,crps_accuracy,crps_precision,crps_recall,crps_f1_score,mean_crps,std_crps,threshold
0.5140845070422535,0.514367816091954,0.8248847926267281,0.6336283185840708,0.4700901814653936,0.5422535211267606,1.0,0.10138248847926268,0.18410041841004185,0.172060931964649,0.048150903917339616,0.22219182066619397
