accuracy,precision,recall,f1_score,auc_roc,crps_accuracy,crps_precision,crps_recall,crps_f1_score,mean_crps,std_crps,global_threshold
0.8402777777777778,0.88,0.7213114754098361,0.7927927927927928,0.9255875962867864,0.5729166666666666,0.0,0.0,0.0,0.23182190935964275,0.2599948902283967,0.8177655747160313
